kernel,commit,topology,ipv,gro,ingress,egress,cap,effective,received,max_ip_len,oversized,valid,route_limit,payload,feedback,feedback_mtu,quote_ok,core_clamp
7.0.0-tbnet-forward-test,119a684,bridge,4,0,1500,1500,0,1500,14,1500,0,1,0,20001,0,0,0,1
7.0.0-tbnet-forward-test,119a684,bridge,6,0,1500,1500,0,1500,14,1500,0,1,0,20001,0,0,0,1
7.0.0-tbnet-forward-test,119a684,bridge,4,1,1500,1500,0,1500,14,1500,0,1,0,20001,0,0,0,1
7.0.0-tbnet-forward-test,119a684,bridge,6,1,1500,1500,0,1500,14,1500,0,1,0,20001,0,0,0,1
7.0.0-tbnet-forward-test,119a684,bridge,4,0,9000,9000,0,9000,3,9000,0,1,0,20001,0,0,0,1
7.0.0-tbnet-forward-test,119a684,bridge,6,0,9000,9000,0,9000,3,9000,0,1,0,20001,0,0,0,1
7.0.0-tbnet-forward-test,119a684,bridge,4,1,9000,9000,0,9000,3,9000,0,1,0,20001,0,0,0,1
7.0.0-tbnet-forward-test,119a684,bridge,6,1,9000,9000,0,9000,3,9000,0,1,0,20001,0,0,0,1
7.0.0-tbnet-forward-test,119a684,bridge,4,0,9000,1500,0,9000,14,1500,0,1,0,20001,0,0,0,1
7.0.0-tbnet-forward-test,119a684,bridge,6,0,9000,1500,0,9000,14,1500,0,1,0,20001,0,0,0,1
7.0.0-tbnet-forward-test,119a684,bridge,4,1,9000,1500,0,9000,14,1500,0,1,0,20001,0,0,0,1
7.0.0-tbnet-forward-test,119a684,bridge,6,1,9000,1500,0,9000,14,1500,0,1,0,20001,0,0,0,1
7.0.0-tbnet-forward-test,119a684,bridge,4,0,9000,1500,1500,1500,14,1500,0,1,0,20001,0,0,0,1
7.0.0-tbnet-forward-test,119a684,bridge,6,0,9000,1500,1500,1500,14,1500,0,1,0,20001,0,0,0,1
7.0.0-tbnet-forward-test,119a684,bridge,4,1,9000,1500,1500,1500,14,1500,0,1,0,20001,0,0,0,1
7.0.0-tbnet-forward-test,119a684,bridge,6,1,9000,1500,1500,1500,14,1500,0,1,0,20001,0,0,0,1
7.0.0-tbnet-forward-test,119a684,bridge,4,0,1280,1280,0,1280,17,1280,0,1,0,20001,0,0,0,1
7.0.0-tbnet-forward-test,119a684,bridge,6,0,1280,1280,0,1280,17,1280,0,1,0,20001,0,0,0,1
7.0.0-tbnet-forward-test,119a684,bridge,4,1,1280,1280,0,1280,17,1280,0,1,0,20001,0,0,0,1
7.0.0-tbnet-forward-test,119a684,bridge,6,1,1280,1280,0,1280,17,1280,0,1,0,20001,0,0,0,1
7.0.0-tbnet-forward-test,119a684,bridge,4,0,1500,1500,0,1500,14,1500,0,1,0,20001,0,0,0,1
7.0.0-tbnet-forward-test,119a684,bridge,6,0,1500,1500,0,1500,14,1500,0,1,0,20001,0,0,0,1
7.0.0-tbnet-forward-test,119a684,bridge,4,1,1500,1500,0,1500,14,1500,0,1,0,20001,0,0,0,1
7.0.0-tbnet-forward-test,119a684,bridge,6,1,1500,1500,0,1500,14,1500,0,1,0,20001,0,0,0,1
7.0.0-tbnet-forward-test,119a684,route,4,0,1500,1500,0,1500,14,1500,0,1,0,20001,0,0,0,1
7.0.0-tbnet-forward-test,119a684,route,6,0,1500,1500,0,1500,14,1500,0,1,0,20001,0,0,0,1
7.0.0-tbnet-forward-test,119a684,route,4,1,1500,1500,0,1500,14,1500,0,1,0,20001,0,0,0,1
7.0.0-tbnet-forward-test,119a684,route,6,1,1500,1500,0,1500,14,1500,0,1,0,20001,0,0,0,1
7.0.0-tbnet-forward-test,119a684,route,4,0,9000,9000,0,9000,3,9000,0,1,0,20001,0,0,0,1
7.0.0-tbnet-forward-test,119a684,route,6,0,9000,9000,0,9000,3,9000,0,1,0,20001,0,0,0,1
7.0.0-tbnet-forward-test,119a684,route,4,1,9000,9000,0,9000,3,9000,0,1,0,20001,0,0,0,1
7.0.0-tbnet-forward-test,119a684,route,6,1,9000,9000,0,9000,3,9000,0,1,0,20001,0,0,0,1
7.0.0-tbnet-forward-test,119a684,route,4,0,9000,1500,0,9000,14,1500,0,1,0,20001,0,0,0,1
7.0.0-tbnet-forward-test,119a684,route,6,0,9000,1500,0,9000,14,1500,0,1,0,20001,0,0,0,1
7.0.0-tbnet-forward-test,119a684,route,4,1,9000,1500,0,9000,14,1500,0,1,0,20001,0,0,0,1
7.0.0-tbnet-forward-test,119a684,route,6,1,9000,1500,0,9000,14,1500,0,1,0,20001,0,0,0,1
7.0.0-tbnet-forward-test,119a684,route,4,0,9000,1500,1500,1500,14,1500,0,1,0,20001,0,0,0,1
7.0.0-tbnet-forward-test,119a684,route,6,0,9000,1500,1500,1500,14,1500,0,1,0,20001,0,0,0,1
7.0.0-tbnet-forward-test,119a684,route,4,1,9000,1500,1500,1500,14,1500,0,1,0,20001,0,0,0,1
7.0.0-tbnet-forward-test,119a684,route,6,1,9000,1500,1500,1500,14,1500,0,1,0,20001,0,0,0,1
7.0.0-tbnet-forward-test,119a684,route,4,0,1280,1280,0,1280,17,1280,0,1,0,20001,0,0,0,1
7.0.0-tbnet-forward-test,119a684,route,6,0,1280,1280,0,1280,17,1280,0,1,0,20001,0,0,0,1
7.0.0-tbnet-forward-test,119a684,route,4,1,1280,1280,0,1280,17,1280,0,1,0,20001,0,0,0,1
7.0.0-tbnet-forward-test,119a684,route,6,1,1280,1280,0,1280,17,1280,0,1,0,20001,0,0,0,1
7.0.0-tbnet-forward-test,119a684,route,4,0,1500,1500,0,1500,14,1500,0,1,0,20001,0,0,0,1
7.0.0-tbnet-forward-test,119a684,route,6,0,1500,1500,0,1500,14,1500,0,1,0,20001,0,0,0,1
7.0.0-tbnet-forward-test,119a684,route,4,1,1500,1500,0,1500,14,1500,0,1,0,20001,0,0,0,1
7.0.0-tbnet-forward-test,119a684,route,6,1,1500,1500,0,1500,14,1500,0,1,0,20001,0,0,0,1
7.0.0-tbnet-forward-test,119a684,route,4,0,9000,9000,0,9000,14,1500,0,1,1500,20001,0,0,0,1
7.0.0-tbnet-forward-test,119a684,route,6,0,9000,9000,0,9000,14,1500,0,1,1500,20001,0,0,0,1
7.0.0-tbnet-forward-test,119a684,route,4,1,9000,9000,0,9000,14,1500,0,1,1500,20001,0,0,0,1
7.0.0-tbnet-forward-test,119a684,route,6,1,9000,9000,0,9000,14,1500,0,1,1500,20001,0,0,0,1
7.0.0-tbnet-forward-test,119a684,route,4,0,9000,9000,1500,1500,14,1500,0,1,1500,20001,0,0,0,1
7.0.0-tbnet-forward-test,119a684,route,6,0,9000,9000,1500,1500,14,1500,0,1,1500,20001,0,0,0,1
7.0.0-tbnet-forward-test,119a684,route,4,1,9000,9000,1500,1500,14,1500,0,1,1500,20001,0,0,0,1
7.0.0-tbnet-forward-test,119a684,route,6,1,9000,9000,1500,1500,14,1500,0,1,1500,20001,0,0,0,1
7.0.0-tbnet-forward-test,119a684,route,4,0,9000,9000,1280,1280,17,1280,0,1,1500,20001,0,0,0,1
7.0.0-tbnet-forward-test,119a684,route,6,0,9000,9000,1280,1280,17,1280,0,1,1500,20001,0,0,0,1
7.0.0-tbnet-forward-test,119a684,route,4,1,9000,9000,1280,1280,17,1280,0,1,1500,20001,0,0,0,1
7.0.0-tbnet-forward-test,119a684,route,6,1,9000,9000,1280,1280,17,1280,0,1,1500,20001,0,0,0,1
7.0.0-tbnet-forward-test,119a684,route,4,0,9000,9000,0,9000,1,1240,0,1,1500,1200,0,0,0,1
7.0.0-tbnet-forward-test,119a684,route,6,0,9000,9000,0,9000,1,1260,0,1,1500,1200,0,0,0,1
7.0.0-tbnet-forward-test,119a684,route,4,1,9000,9000,0,9000,1,1240,0,1,1500,1200,0,0,0,1
7.0.0-tbnet-forward-test,119a684,route,6,1,9000,9000,0,9000,1,1260,0,1,1500,1200,0,0,0,1
7.0.0-tbnet-forward-test,119a684,route,4,0,9000,9000,0,9000,17,1280,0,1,1280,20001,0,0,0,1
7.0.0-tbnet-forward-test,119a684,route,6,0,9000,9000,0,9000,17,1280,0,1,1280,20001,0,0,0,1
7.0.0-tbnet-forward-test,119a684,route,4,1,9000,9000,0,9000,17,1280,0,1,1280,20001,0,0,0,1
7.0.0-tbnet-forward-test,119a684,route,6,1,9000,9000,0,9000,17,1280,0,1,1280,20001,0,0,0,1
7.0.0-tbnet-forward-test,119a684,route,4,0,9000,9000,1500,1500,17,1280,0,1,1280,20001,0,0,0,1
7.0.0-tbnet-forward-test,119a684,route,6,0,9000,9000,1500,1500,17,1280,0,1,1280,20001,0,0,0,1
7.0.0-tbnet-forward-test,119a684,route,4,1,9000,9000,1500,1500,17,1280,0,1,1280,20001,0,0,0,1
7.0.0-tbnet-forward-test,119a684,route,6,1,9000,9000,1500,1500,17,1280,0,1,1280,20001,0,0,0,1
7.0.0-tbnet-forward-test,119a684,route,4,0,9000,9000,1280,1280,17,1280,0,1,1280,20001,0,0,0,1
7.0.0-tbnet-forward-test,119a684,route,6,0,9000,9000,1280,1280,17,1280,0,1,1280,20001,0,0,0,1
7.0.0-tbnet-forward-test,119a684,route,4,1,9000,9000,1280,1280,17,1280,0,1,1280,20001,0,0,0,1
7.0.0-tbnet-forward-test,119a684,route,6,1,9000,9000,1280,1280,17,1280,0,1,1280,20001,0,0,0,1
7.0.0-tbnet-forward-test,119a684,route,4,0,9000,9000,0,9000,1,1240,0,1,1280,1200,0,0,0,1
7.0.0-tbnet-forward-test,119a684,route,6,0,9000,9000,0,9000,1,1260,0,1,1280,1200,0,0,0,1
7.0.0-tbnet-forward-test,119a684,route,4,1,9000,9000,0,9000,1,1240,0,1,1280,1200,0,0,0,1
7.0.0-tbnet-forward-test,119a684,route,6,1,9000,9000,0,9000,1,1260,0,1,1280,1200,0,0,0,1
