phase,direction,sample,receiver_gbit_s,tcp_retransmits,host_softirq_seconds_per_gib,rx_errors,rx_dropped,bad_checksums,invalid_packets
candidate-before,up,1,23.962234,0,0.165713,0,0,0,0
candidate-before,down,1,28.168346,0,0.217922,0,0,0,0
candidate-before,down,2,27.17889,1,0.219335,0,0,0,0
candidate-before,up,2,24.574168,9,0.163266,0,0,0,0
candidate-before,up,3,24.451026,187,0.161429,0,0,0,0
candidate-before,down,3,28.399064,4,0.211336,0,0,0,0
baseline,up,1,23.313392,0,0.186342,0,0,0,0
baseline,down,1,27.357845,496,0.228216,0,0,0,0
baseline,down,2,27.958015,1,0.230043,0,0,0,0
baseline,up,2,22.181068,1030,0.200855,0,0,0,0
baseline,up,3,23.895343,1065,0.173312,0,0,0,0
baseline,down,3,28.256996,2,0.226574,0,0,0,0
candidate-off,up,1,23.240633,820,0.189304,0,0,0,0
candidate-off,down,1,29.209776,0,0.218265,0,0,0,0
candidate-off,down,2,28.330427,1,0.227633,0,0,0,0
candidate-off,up,2,22.320849,1858,0.215301,0,0,0,0
candidate-off,up,3,22.731613,1882,0.192163,0,0,0,0
candidate-off,down,3,28.756203,0,0.22206,0,0,0,0
candidate-after,up,1,24.449736,0,0.167277,0,0,0,0
candidate-after,down,1,28.443987,0,0.21484,0,0,0,0
candidate-after,down,2,28.309845,0,0.211666,0,0,0,0
candidate-after,up,2,24.376697,0,0.163013,0,0,0,0
candidate-after,up,3,24.429201,2189,0.158141,0,0,0,0
candidate-after,down,3,27.513503,45,0.22674,0,0,0,0
