kernel,sample,topology,ipv,gro,ingress,egress,cap,effective,received,max_ip_len,oversized,valid,route_limit,payload,feedback,feedback_mtu,quote_ok
6.8.0-146-generic,1,bridge,4,0,1500,1500,0,1500,14,1500,0,1,0,20001,0,0,0
6.8.0-146-generic,2,bridge,6,0,1500,1500,0,1500,14,1500,0,1,0,20001,0,0,0
6.8.0-146-generic,3,bridge,4,1,1500,1500,0,1500,14,1500,0,1,0,20001,0,0,0
6.8.0-146-generic,4,bridge,6,1,1500,1500,0,1500,14,1500,0,1,0,20001,0,0,0
6.8.0-146-generic,5,bridge,4,0,9000,9000,0,9000,3,9000,0,1,0,20001,0,0,0
6.8.0-146-generic,6,bridge,6,0,9000,9000,0,9000,3,9000,0,1,0,20001,0,0,0
6.8.0-146-generic,7,bridge,4,1,9000,9000,0,9000,3,9000,0,1,0,20001,0,0,0
6.8.0-146-generic,8,bridge,6,1,9000,9000,0,9000,3,9000,0,1,0,20001,0,0,0
6.8.0-146-generic,9,bridge,4,0,9000,1500,0,9000,3,9000,3,1,0,20001,0,0,0
6.8.0-146-generic,10,bridge,6,0,9000,1500,0,9000,3,9000,3,1,0,20001,0,0,0
6.8.0-146-generic,11,bridge,4,1,9000,1500,0,9000,3,9000,3,1,0,20001,0,0,0
6.8.0-146-generic,12,bridge,6,1,9000,1500,0,9000,3,9000,3,1,0,20001,0,0,0
6.8.0-146-generic,13,bridge,4,0,9000,1500,1500,1500,14,1500,0,1,0,20001,0,0,0
6.8.0-146-generic,14,bridge,6,0,9000,1500,1500,1500,14,1500,0,1,0,20001,0,0,0
6.8.0-146-generic,15,bridge,4,1,9000,1500,1500,1500,14,1500,0,1,0,20001,0,0,0
6.8.0-146-generic,16,bridge,6,1,9000,1500,1500,1500,14,1500,0,1,0,20001,0,0,0
6.8.0-146-generic,17,bridge,4,0,1280,1280,0,1280,17,1280,0,1,0,20001,0,0,0
6.8.0-146-generic,18,bridge,6,0,1280,1280,0,1280,17,1280,0,1,0,20001,0,0,0
6.8.0-146-generic,19,bridge,4,1,1280,1280,0,1280,17,1280,0,1,0,20001,0,0,0
6.8.0-146-generic,20,bridge,6,1,1280,1280,0,1280,17,1280,0,1,0,20001,0,0,0
6.8.0-146-generic,21,bridge,4,0,1500,1500,0,1500,14,1500,0,1,0,20001,0,0,0
6.8.0-146-generic,22,bridge,6,0,1500,1500,0,1500,14,1500,0,1,0,20001,0,0,0
6.8.0-146-generic,23,bridge,4,1,1500,1500,0,1500,14,1500,0,1,0,20001,0,0,0
6.8.0-146-generic,24,bridge,6,1,1500,1500,0,1500,14,1500,0,1,0,20001,0,0,0
6.8.0-146-generic,25,route,4,0,1500,1500,0,1500,14,1500,0,1,0,20001,0,0,0
6.8.0-146-generic,26,route,6,0,1500,1500,0,1500,14,1500,0,1,0,20001,0,0,0
6.8.0-146-generic,27,route,4,1,1500,1500,0,1500,14,1500,0,1,0,20001,0,0,0
6.8.0-146-generic,28,route,6,1,1500,1500,0,1500,14,1500,0,1,0,20001,0,0,0
6.8.0-146-generic,29,route,4,0,9000,9000,0,9000,3,9000,0,1,0,20001,0,0,0
6.8.0-146-generic,30,route,6,0,9000,9000,0,9000,3,9000,0,1,0,20001,0,0,0
6.8.0-146-generic,31,route,4,1,9000,9000,0,9000,3,9000,0,1,0,20001,0,0,0
6.8.0-146-generic,32,route,6,1,9000,9000,0,9000,3,9000,0,1,0,20001,0,0,0
6.8.0-146-generic,33,route,4,0,9000,1500,0,9000,0,0,0,0,0,20001,1,1500,1
6.8.0-146-generic,34,route,6,0,9000,1500,0,9000,0,0,0,0,0,20001,1,1500,1
6.8.0-146-generic,35,route,4,1,9000,1500,0,9000,0,0,0,0,0,20001,1,1500,1
6.8.0-146-generic,36,route,6,1,9000,1500,0,9000,0,0,0,0,0,20001,1,1500,1
6.8.0-146-generic,37,route,4,0,9000,1500,1500,1500,14,1500,0,1,0,20001,0,0,0
6.8.0-146-generic,38,route,6,0,9000,1500,1500,1500,14,1500,0,1,0,20001,0,0,0
6.8.0-146-generic,39,route,4,1,9000,1500,1500,1500,14,1500,0,1,0,20001,0,0,0
6.8.0-146-generic,40,route,6,1,9000,1500,1500,1500,14,1500,0,1,0,20001,0,0,0
6.8.0-146-generic,41,route,4,0,1280,1280,0,1280,17,1280,0,1,0,20001,0,0,0
6.8.0-146-generic,42,route,6,0,1280,1280,0,1280,17,1280,0,1,0,20001,0,0,0
6.8.0-146-generic,43,route,4,1,1280,1280,0,1280,17,1280,0,1,0,20001,0,0,0
6.8.0-146-generic,44,route,6,1,1280,1280,0,1280,17,1280,0,1,0,20001,0,0,0
6.8.0-146-generic,45,route,4,0,1500,1500,0,1500,14,1500,0,1,0,20001,0,0,0
6.8.0-146-generic,46,route,6,0,1500,1500,0,1500,14,1500,0,1,0,20001,0,0,0
6.8.0-146-generic,47,route,4,1,1500,1500,0,1500,14,1500,0,1,0,20001,0,0,0
6.8.0-146-generic,48,route,6,1,1500,1500,0,1500,14,1500,0,1,0,20001,0,0,0
6.8.0-146-generic,49,route,4,0,9000,9000,0,9000,0,0,0,0,1500,20001,1,1500,1
6.8.0-146-generic,50,route,6,0,9000,9000,0,9000,0,0,0,0,1500,20001,3,1500,3
6.8.0-146-generic,51,route,4,1,9000,9000,0,9000,0,0,0,0,1500,20001,1,1500,1
6.8.0-146-generic,52,route,6,1,9000,9000,0,9000,0,0,0,0,1500,20001,3,1500,3
6.8.0-146-generic,53,route,4,0,9000,9000,1500,1500,14,1500,0,1,1500,20001,0,0,0
6.8.0-146-generic,54,route,6,0,9000,9000,1500,1500,14,1500,0,1,1500,20001,0,0,0
6.8.0-146-generic,55,route,4,1,9000,9000,1500,1500,14,1500,0,1,1500,20001,0,0,0
6.8.0-146-generic,56,route,6,1,9000,9000,1500,1500,14,1500,0,1,1500,20001,0,0,0
6.8.0-146-generic,57,route,4,0,9000,9000,1280,1280,17,1280,0,1,1500,20001,0,0,0
6.8.0-146-generic,58,route,6,0,9000,9000,1280,1280,17,1280,0,1,1500,20001,0,0,0
6.8.0-146-generic,59,route,4,1,9000,9000,1280,1280,17,1280,0,1,1500,20001,0,0,0
6.8.0-146-generic,60,route,6,1,9000,9000,1280,1280,17,1280,0,1,1500,20001,0,0,0
6.8.0-146-generic,61,route,4,0,9000,9000,0,9000,1,1240,0,1,1500,1200,0,0,0
6.8.0-146-generic,62,route,6,0,9000,9000,0,9000,1,1260,0,1,1500,1200,0,0,0
6.8.0-146-generic,63,route,4,1,9000,9000,0,9000,1,1240,0,1,1500,1200,0,0,0
6.8.0-146-generic,64,route,6,1,9000,9000,0,9000,1,1260,0,1,1500,1200,0,0,0
6.8.0-146-generic,65,route,4,0,9000,9000,0,9000,0,0,0,0,1280,20001,1,1280,1
6.8.0-146-generic,66,route,6,0,9000,9000,0,9000,0,0,0,0,1280,20001,3,1280,3
6.8.0-146-generic,67,route,4,1,9000,9000,0,9000,0,0,0,0,1280,20001,1,1280,1
6.8.0-146-generic,68,route,6,1,9000,9000,0,9000,0,0,0,0,1280,20001,3,1280,3
6.8.0-146-generic,69,route,4,0,9000,9000,1500,1500,0,0,0,0,1280,20001,1,1280,1
6.8.0-146-generic,70,route,6,0,9000,9000,1500,1500,0,0,0,0,1280,20001,14,1280,14
6.8.0-146-generic,71,route,4,1,9000,9000,1500,1500,0,0,0,0,1280,20001,1,1280,1
6.8.0-146-generic,72,route,6,1,9000,9000,1500,1500,0,0,0,0,1280,20001,14,1280,14
6.8.0-146-generic,73,route,4,0,9000,9000,1280,1280,17,1280,0,1,1280,20001,0,0,0
6.8.0-146-generic,74,route,6,0,9000,9000,1280,1280,17,1280,0,1,1280,20001,0,0,0
6.8.0-146-generic,75,route,4,1,9000,9000,1280,1280,17,1280,0,1,1280,20001,0,0,0
6.8.0-146-generic,76,route,6,1,9000,9000,1280,1280,17,1280,0,1,1280,20001,0,0,0
6.8.0-146-generic,77,route,4,0,9000,9000,0,9000,1,1240,0,1,1280,1200,0,0,0
6.8.0-146-generic,78,route,6,0,9000,9000,0,9000,1,1260,0,1,1280,1200,0,0,0
6.8.0-146-generic,79,route,4,1,9000,9000,0,9000,1,1240,0,1,1280,1200,0,0,0
6.8.0-146-generic,80,route,6,1,9000,9000,0,9000,1,1260,0,1,1280,1200,0,0,0
6.12.111+deb13-amd64,1,bridge,4,0,1500,1500,0,1500,14,1500,0,1,0,20001,0,0,0
6.12.111+deb13-amd64,2,bridge,6,0,1500,1500,0,1500,14,1500,0,1,0,20001,0,0,0
6.12.111+deb13-amd64,3,bridge,4,1,1500,1500,0,1500,14,1500,0,1,0,20001,0,0,0
6.12.111+deb13-amd64,4,bridge,6,1,1500,1500,0,1500,14,1500,0,1,0,20001,0,0,0
6.12.111+deb13-amd64,5,bridge,4,0,9000,9000,0,9000,3,9000,0,1,0,20001,0,0,0
6.12.111+deb13-amd64,6,bridge,6,0,9000,9000,0,9000,3,9000,0,1,0,20001,0,0,0
6.12.111+deb13-amd64,7,bridge,4,1,9000,9000,0,9000,3,9000,0,1,0,20001,0,0,0
6.12.111+deb13-amd64,8,bridge,6,1,9000,9000,0,9000,3,9000,0,1,0,20001,0,0,0
6.12.111+deb13-amd64,9,bridge,4,0,9000,1500,0,9000,3,9000,3,1,0,20001,0,0,0
6.12.111+deb13-amd64,10,bridge,6,0,9000,1500,0,9000,3,9000,3,1,0,20001,0,0,0
6.12.111+deb13-amd64,11,bridge,4,1,9000,1500,0,9000,3,9000,3,1,0,20001,0,0,0
6.12.111+deb13-amd64,12,bridge,6,1,9000,1500,0,9000,3,9000,3,1,0,20001,0,0,0
6.12.111+deb13-amd64,13,bridge,4,0,9000,1500,1500,1500,14,1500,0,1,0,20001,0,0,0
6.12.111+deb13-amd64,14,bridge,6,0,9000,1500,1500,1500,14,1500,0,1,0,20001,0,0,0
6.12.111+deb13-amd64,15,bridge,4,1,9000,1500,1500,1500,14,1500,0,1,0,20001,0,0,0
6.12.111+deb13-amd64,16,bridge,6,1,9000,1500,1500,1500,14,1500,0,1,0,20001,0,0,0
6.12.111+deb13-amd64,17,bridge,4,0,1280,1280,0,1280,17,1280,0,1,0,20001,0,0,0
6.12.111+deb13-amd64,18,bridge,6,0,1280,1280,0,1280,17,1280,0,1,0,20001,0,0,0
6.12.111+deb13-amd64,19,bridge,4,1,1280,1280,0,1280,17,1280,0,1,0,20001,0,0,0
6.12.111+deb13-amd64,20,bridge,6,1,1280,1280,0,1280,17,1280,0,1,0,20001,0,0,0
6.12.111+deb13-amd64,21,bridge,4,0,1500,1500,0,1500,14,1500,0,1,0,20001,0,0,0
6.12.111+deb13-amd64,22,bridge,6,0,1500,1500,0,1500,14,1500,0,1,0,20001,0,0,0
6.12.111+deb13-amd64,23,bridge,4,1,1500,1500,0,1500,14,1500,0,1,0,20001,0,0,0
6.12.111+deb13-amd64,24,bridge,6,1,1500,1500,0,1500,14,1500,0,1,0,20001,0,0,0
6.12.111+deb13-amd64,25,route,4,0,1500,1500,0,1500,14,1500,0,1,0,20001,0,0,0
6.12.111+deb13-amd64,26,route,6,0,1500,1500,0,1500,14,1500,0,1,0,20001,0,0,0
6.12.111+deb13-amd64,27,route,4,1,1500,1500,0,1500,14,1500,0,1,0,20001,0,0,0
6.12.111+deb13-amd64,28,route,6,1,1500,1500,0,1500,14,1500,0,1,0,20001,0,0,0
6.12.111+deb13-amd64,29,route,4,0,9000,9000,0,9000,3,9000,0,1,0,20001,0,0,0
6.12.111+deb13-amd64,30,route,6,0,9000,9000,0,9000,3,9000,0,1,0,20001,0,0,0
6.12.111+deb13-amd64,31,route,4,1,9000,9000,0,9000,3,9000,0,1,0,20001,0,0,0
6.12.111+deb13-amd64,32,route,6,1,9000,9000,0,9000,3,9000,0,1,0,20001,0,0,0
6.12.111+deb13-amd64,33,route,4,0,9000,1500,0,9000,0,0,0,0,0,20001,1,1500,1
6.12.111+deb13-amd64,34,route,6,0,9000,1500,0,9000,0,0,0,0,0,20001,1,1500,1
6.12.111+deb13-amd64,35,route,4,1,9000,1500,0,9000,0,0,0,0,0,20001,1,1500,1
6.12.111+deb13-amd64,36,route,6,1,9000,1500,0,9000,0,0,0,0,0,20001,1,1500,1
6.12.111+deb13-amd64,37,route,4,0,9000,1500,1500,1500,14,1500,0,1,0,20001,0,0,0
6.12.111+deb13-amd64,38,route,6,0,9000,1500,1500,1500,14,1500,0,1,0,20001,0,0,0
6.12.111+deb13-amd64,39,route,4,1,9000,1500,1500,1500,14,1500,0,1,0,20001,0,0,0
6.12.111+deb13-amd64,40,route,6,1,9000,1500,1500,1500,14,1500,0,1,0,20001,0,0,0
6.12.111+deb13-amd64,41,route,4,0,1280,1280,0,1280,17,1280,0,1,0,20001,0,0,0
6.12.111+deb13-amd64,42,route,6,0,1280,1280,0,1280,17,1280,0,1,0,20001,0,0,0
6.12.111+deb13-amd64,43,route,4,1,1280,1280,0,1280,17,1280,0,1,0,20001,0,0,0
6.12.111+deb13-amd64,44,route,6,1,1280,1280,0,1280,17,1280,0,1,0,20001,0,0,0
6.12.111+deb13-amd64,45,route,4,0,1500,1500,0,1500,14,1500,0,1,0,20001,0,0,0
6.12.111+deb13-amd64,46,route,6,0,1500,1500,0,1500,14,1500,0,1,0,20001,0,0,0
6.12.111+deb13-amd64,47,route,4,1,1500,1500,0,1500,14,1500,0,1,0,20001,0,0,0
6.12.111+deb13-amd64,48,route,6,1,1500,1500,0,1500,14,1500,0,1,0,20001,0,0,0
6.12.111+deb13-amd64,49,route,4,0,9000,9000,0,9000,0,0,0,0,1500,20001,1,1500,1
6.12.111+deb13-amd64,50,route,6,0,9000,9000,0,9000,0,0,0,0,1500,20001,3,1500,3
6.12.111+deb13-amd64,51,route,4,1,9000,9000,0,9000,0,0,0,0,1500,20001,1,1500,1
6.12.111+deb13-amd64,52,route,6,1,9000,9000,0,9000,0,0,0,0,1500,20001,3,1500,3
6.12.111+deb13-amd64,53,route,4,0,9000,9000,1500,1500,14,1500,0,1,1500,20001,0,0,0
6.12.111+deb13-amd64,54,route,6,0,9000,9000,1500,1500,14,1500,0,1,1500,20001,0,0,0
6.12.111+deb13-amd64,55,route,4,1,9000,9000,1500,1500,14,1500,0,1,1500,20001,0,0,0
6.12.111+deb13-amd64,56,route,6,1,9000,9000,1500,1500,14,1500,0,1,1500,20001,0,0,0
6.12.111+deb13-amd64,57,route,4,0,9000,9000,1280,1280,17,1280,0,1,1500,20001,0,0,0
6.12.111+deb13-amd64,58,route,6,0,9000,9000,1280,1280,17,1280,0,1,1500,20001,0,0,0
6.12.111+deb13-amd64,59,route,4,1,9000,9000,1280,1280,17,1280,0,1,1500,20001,0,0,0
6.12.111+deb13-amd64,60,route,6,1,9000,9000,1280,1280,17,1280,0,1,1500,20001,0,0,0
6.12.111+deb13-amd64,61,route,4,0,9000,9000,0,9000,1,1240,0,1,1500,1200,0,0,0
6.12.111+deb13-amd64,62,route,6,0,9000,9000,0,9000,1,1260,0,1,1500,1200,0,0,0
6.12.111+deb13-amd64,63,route,4,1,9000,9000,0,9000,1,1240,0,1,1500,1200,0,0,0
6.12.111+deb13-amd64,64,route,6,1,9000,9000,0,9000,1,1260,0,1,1500,1200,0,0,0
6.12.111+deb13-amd64,65,route,4,0,9000,9000,0,9000,0,0,0,0,1280,20001,1,1280,1
6.12.111+deb13-amd64,66,route,6,0,9000,9000,0,9000,0,0,0,0,1280,20001,3,1280,3
6.12.111+deb13-amd64,67,route,4,1,9000,9000,0,9000,0,0,0,0,1280,20001,1,1280,1
6.12.111+deb13-amd64,68,route,6,1,9000,9000,0,9000,0,0,0,0,1280,20001,3,1280,3
6.12.111+deb13-amd64,69,route,4,0,9000,9000,1500,1500,0,0,0,0,1280,20001,1,1280,1
6.12.111+deb13-amd64,70,route,6,0,9000,9000,1500,1500,0,0,0,0,1280,20001,14,1280,14
6.12.111+deb13-amd64,71,route,4,1,9000,9000,1500,1500,0,0,0,0,1280,20001,1,1280,1
6.12.111+deb13-amd64,72,route,6,1,9000,9000,1500,1500,0,0,0,0,1280,20001,14,1280,14
6.12.111+deb13-amd64,73,route,4,0,9000,9000,1280,1280,17,1280,0,1,1280,20001,0,0,0
6.12.111+deb13-amd64,74,route,6,0,9000,9000,1280,1280,17,1280,0,1,1280,20001,0,0,0
6.12.111+deb13-amd64,75,route,4,1,9000,9000,1280,1280,17,1280,0,1,1280,20001,0,0,0
6.12.111+deb13-amd64,76,route,6,1,9000,9000,1280,1280,17,1280,0,1,1280,20001,0,0,0
6.12.111+deb13-amd64,77,route,4,0,9000,9000,0,9000,1,1240,0,1,1280,1200,0,0,0
6.12.111+deb13-amd64,78,route,6,0,9000,9000,0,9000,1,1260,0,1,1280,1200,0,0,0
6.12.111+deb13-amd64,79,route,4,1,9000,9000,0,9000,1,1240,0,1,1280,1200,0,0,0
6.12.111+deb13-amd64,80,route,6,1,9000,9000,0,9000,1,1260,0,1,1280,1200,0,0,0
7.0.0-38-generic,1,bridge,4,0,1500,1500,0,1500,14,1500,0,1,0,20001,0,0,0
7.0.0-38-generic,2,bridge,6,0,1500,1500,0,1500,14,1500,0,1,0,20001,0,0,0
7.0.0-38-generic,3,bridge,4,1,1500,1500,0,1500,14,1500,0,1,0,20001,0,0,0
7.0.0-38-generic,4,bridge,6,1,1500,1500,0,1500,14,1500,0,1,0,20001,0,0,0
7.0.0-38-generic,5,bridge,4,0,9000,9000,0,9000,3,9000,0,1,0,20001,0,0,0
7.0.0-38-generic,6,bridge,6,0,9000,9000,0,9000,3,9000,0,1,0,20001,0,0,0
7.0.0-38-generic,7,bridge,4,1,9000,9000,0,9000,3,9000,0,1,0,20001,0,0,0
7.0.0-38-generic,8,bridge,6,1,9000,9000,0,9000,3,9000,0,1,0,20001,0,0,0
7.0.0-38-generic,9,bridge,4,0,9000,1500,0,9000,3,9000,3,1,0,20001,0,0,0
7.0.0-38-generic,10,bridge,6,0,9000,1500,0,9000,3,9000,3,1,0,20001,0,0,0
7.0.0-38-generic,11,bridge,4,1,9000,1500,0,9000,3,9000,3,1,0,20001,0,0,0
7.0.0-38-generic,12,bridge,6,1,9000,1500,0,9000,3,9000,3,1,0,20001,0,0,0
7.0.0-38-generic,13,bridge,4,0,9000,1500,1500,1500,14,1500,0,1,0,20001,0,0,0
7.0.0-38-generic,14,bridge,6,0,9000,1500,1500,1500,14,1500,0,1,0,20001,0,0,0
7.0.0-38-generic,15,bridge,4,1,9000,1500,1500,1500,14,1500,0,1,0,20001,0,0,0
7.0.0-38-generic,16,bridge,6,1,9000,1500,1500,1500,14,1500,0,1,0,20001,0,0,0
7.0.0-38-generic,17,bridge,4,0,1280,1280,0,1280,17,1280,0,1,0,20001,0,0,0
7.0.0-38-generic,18,bridge,6,0,1280,1280,0,1280,17,1280,0,1,0,20001,0,0,0
7.0.0-38-generic,19,bridge,4,1,1280,1280,0,1280,17,1280,0,1,0,20001,0,0,0
7.0.0-38-generic,20,bridge,6,1,1280,1280,0,1280,17,1280,0,1,0,20001,0,0,0
7.0.0-38-generic,21,bridge,4,0,1500,1500,0,1500,14,1500,0,1,0,20001,0,0,0
7.0.0-38-generic,22,bridge,6,0,1500,1500,0,1500,14,1500,0,1,0,20001,0,0,0
7.0.0-38-generic,23,bridge,4,1,1500,1500,0,1500,14,1500,0,1,0,20001,0,0,0
7.0.0-38-generic,24,bridge,6,1,1500,1500,0,1500,14,1500,0,1,0,20001,0,0,0
7.0.0-38-generic,25,route,4,0,1500,1500,0,1500,14,1500,0,1,0,20001,0,0,0
7.0.0-38-generic,26,route,6,0,1500,1500,0,1500,14,1500,0,1,0,20001,0,0,0
7.0.0-38-generic,27,route,4,1,1500,1500,0,1500,14,1500,0,1,0,20001,0,0,0
7.0.0-38-generic,28,route,6,1,1500,1500,0,1500,14,1500,0,1,0,20001,0,0,0
7.0.0-38-generic,29,route,4,0,9000,9000,0,9000,3,9000,0,1,0,20001,0,0,0
7.0.0-38-generic,30,route,6,0,9000,9000,0,9000,3,9000,0,1,0,20001,0,0,0
7.0.0-38-generic,31,route,4,1,9000,9000,0,9000,3,9000,0,1,0,20001,0,0,0
7.0.0-38-generic,32,route,6,1,9000,9000,0,9000,3,9000,0,1,0,20001,0,0,0
7.0.0-38-generic,33,route,4,0,9000,1500,0,9000,0,0,0,0,0,20001,1,1500,1
7.0.0-38-generic,34,route,6,0,9000,1500,0,9000,0,0,0,0,0,20001,1,1500,1
7.0.0-38-generic,35,route,4,1,9000,1500,0,9000,0,0,0,0,0,20001,1,1500,1
7.0.0-38-generic,36,route,6,1,9000,1500,0,9000,0,0,0,0,0,20001,1,1500,1
7.0.0-38-generic,37,route,4,0,9000,1500,1500,1500,14,1500,0,1,0,20001,0,0,0
7.0.0-38-generic,38,route,6,0,9000,1500,1500,1500,14,1500,0,1,0,20001,0,0,0
7.0.0-38-generic,39,route,4,1,9000,1500,1500,1500,14,1500,0,1,0,20001,0,0,0
7.0.0-38-generic,40,route,6,1,9000,1500,1500,1500,14,1500,0,1,0,20001,0,0,0
7.0.0-38-generic,41,route,4,0,1280,1280,0,1280,17,1280,0,1,0,20001,0,0,0
7.0.0-38-generic,42,route,6,0,1280,1280,0,1280,17,1280,0,1,0,20001,0,0,0
7.0.0-38-generic,43,route,4,1,1280,1280,0,1280,17,1280,0,1,0,20001,0,0,0
7.0.0-38-generic,44,route,6,1,1280,1280,0,1280,17,1280,0,1,0,20001,0,0,0
7.0.0-38-generic,45,route,4,0,1500,1500,0,1500,14,1500,0,1,0,20001,0,0,0
7.0.0-38-generic,46,route,6,0,1500,1500,0,1500,14,1500,0,1,0,20001,0,0,0
7.0.0-38-generic,47,route,4,1,1500,1500,0,1500,14,1500,0,1,0,20001,0,0,0
7.0.0-38-generic,48,route,6,1,1500,1500,0,1500,14,1500,0,1,0,20001,0,0,0
7.0.0-38-generic,49,route,4,0,9000,9000,0,9000,0,0,0,0,1500,20001,1,1500,1
7.0.0-38-generic,50,route,6,0,9000,9000,0,9000,0,0,0,0,1500,20001,3,1500,3
7.0.0-38-generic,51,route,4,1,9000,9000,0,9000,0,0,0,0,1500,20001,1,1500,1
7.0.0-38-generic,52,route,6,1,9000,9000,0,9000,0,0,0,0,1500,20001,3,1500,3
7.0.0-38-generic,53,route,4,0,9000,9000,1500,1500,14,1500,0,1,1500,20001,0,0,0
7.0.0-38-generic,54,route,6,0,9000,9000,1500,1500,14,1500,0,1,1500,20001,0,0,0
7.0.0-38-generic,55,route,4,1,9000,9000,1500,1500,14,1500,0,1,1500,20001,0,0,0
7.0.0-38-generic,56,route,6,1,9000,9000,1500,1500,14,1500,0,1,1500,20001,0,0,0
7.0.0-38-generic,57,route,4,0,9000,9000,1280,1280,17,1280,0,1,1500,20001,0,0,0
7.0.0-38-generic,58,route,6,0,9000,9000,1280,1280,17,1280,0,1,1500,20001,0,0,0
7.0.0-38-generic,59,route,4,1,9000,9000,1280,1280,17,1280,0,1,1500,20001,0,0,0
7.0.0-38-generic,60,route,6,1,9000,9000,1280,1280,17,1280,0,1,1500,20001,0,0,0
7.0.0-38-generic,61,route,4,0,9000,9000,0,9000,1,1240,0,1,1500,1200,0,0,0
7.0.0-38-generic,62,route,6,0,9000,9000,0,9000,1,1260,0,1,1500,1200,0,0,0
7.0.0-38-generic,63,route,4,1,9000,9000,0,9000,1,1240,0,1,1500,1200,0,0,0
7.0.0-38-generic,64,route,6,1,9000,9000,0,9000,1,1260,0,1,1500,1200,0,0,0
7.0.0-38-generic,65,route,4,0,9000,9000,0,9000,0,0,0,0,1280,20001,1,1280,1
7.0.0-38-generic,66,route,6,0,9000,9000,0,9000,0,0,0,0,1280,20001,3,1280,3
7.0.0-38-generic,67,route,4,1,9000,9000,0,9000,0,0,0,0,1280,20001,1,1280,1
7.0.0-38-generic,68,route,6,1,9000,9000,0,9000,0,0,0,0,1280,20001,3,1280,3
7.0.0-38-generic,69,route,4,0,9000,9000,1500,1500,0,0,0,0,1280,20001,1,1280,1
7.0.0-38-generic,70,route,6,0,9000,9000,1500,1500,0,0,0,0,1280,20001,14,1280,14
7.0.0-38-generic,71,route,4,1,9000,9000,1500,1500,0,0,0,0,1280,20001,1,1280,1
7.0.0-38-generic,72,route,6,1,9000,9000,1500,1500,0,0,0,0,1280,20001,14,1280,14
7.0.0-38-generic,73,route,4,0,9000,9000,1280,1280,17,1280,0,1,1280,20001,0,0,0
7.0.0-38-generic,74,route,6,0,9000,9000,1280,1280,17,1280,0,1,1280,20001,0,0,0
7.0.0-38-generic,75,route,4,1,9000,9000,1280,1280,17,1280,0,1,1280,20001,0,0,0
7.0.0-38-generic,76,route,6,1,9000,9000,1280,1280,17,1280,0,1,1280,20001,0,0,0
7.0.0-38-generic,77,route,4,0,9000,9000,0,9000,1,1240,0,1,1280,1200,0,0,0
7.0.0-38-generic,78,route,6,0,9000,9000,0,9000,1,1260,0,1,1280,1200,0,0,0
7.0.0-38-generic,79,route,4,1,9000,9000,0,9000,1,1240,0,1,1280,1200,0,0,0
7.0.0-38-generic,80,route,6,1,9000,9000,0,9000,1,1260,0,1,1280,1200,0,0,0
