kernel,ipv,policy,route_mtu,success,sent,pmtu,snd_mss,retrans,aggregates,rebuilt,failures,min_mss
6.8.0-146-generic,4,preserve,1280,1,1048576,1280,1228,28,42,0,0,1228
6.8.0-146-generic,4,auto,1280,1,1048576,1280,1228,125,46,46,0,1228
6.8.0-146-generic,4,capped,1280,1,1048576,1280,1228,5,62,62,0,1228
6.8.0-146-generic,6,preserve,1280,1,1048576,1280,1208,28,41,0,0,1208
6.8.0-146-generic,6,auto,1280,0,1048576,1280,1208,112,44,44,0,1208
6.8.0-146-generic,6,capped,1280,1,1048576,1280,1208,5,39,39,0,1208
6.12.111+deb13-amd64,4,preserve,1280,1,1048576,1280,1228,28,42,0,0,1228
6.12.111+deb13-amd64,4,auto,1280,1,1048576,1280,1228,401,184,184,0,1228
6.12.111+deb13-amd64,4,capped,1280,1,1048576,1280,1228,5,40,40,0,1228
6.12.111+deb13-amd64,6,preserve,1280,1,1048576,1280,1208,29,49,0,0,1208
6.12.111+deb13-amd64,6,auto,1280,0,262144,1280,1208,46,12,12,0,1208
6.12.111+deb13-amd64,6,capped,1280,1,1048576,1280,1208,19,101,101,0,1208
7.0.0-38-generic,4,preserve,1280,1,1048576,1280,1228,28,45,0,0,1228
7.0.0-38-generic,4,auto,1280,1,1048576,1280,1228,137,52,52,0,1228
7.0.0-38-generic,4,capped,1280,1,1048576,1280,1228,5,66,66,0,1228
7.0.0-38-generic,6,preserve,1280,1,1048576,1280,1208,29,49,0,0,1208
7.0.0-38-generic,6,auto,1280,1,1048576,1280,1208,61,18,18,0,1208
7.0.0-38-generic,6,capped,1280,1,1048576,1280,1208,16,141,141,0,1208
