phase,setup,direction,sample,receiver_gbit_s,tcp_retransmits,softirq_seconds_per_gib,interrupts_per_gib,errors_drops,transport_verified
v0.2.0-before,host,up,1,24.596,0,0.1728,,0,yes
v0.2.0-before,host,down,1,29.281,0,0.185,,0,yes
v0.2.0-before,host,down,2,29.333,0,0.1889,,0,yes
v0.2.0-before,host,up,2,24.593,0,0.1679,,0,yes
v0.2.0-before,host,up,3,24.219,0,0.1673,,0,yes
v0.2.0-before,host,down,3,29.262,2,0.1852,,0,yes
candidate-1,host,up,1,24.603,0,0.1752,,0,yes
candidate-1,host,down,1,29.621,0,0.1815,,0,yes
candidate-1,host,down,2,29.236,0,0.1845,,0,yes
candidate-1,host,up,2,24.452,0,0.1686,,0,yes
candidate-1,host,up,3,24.602,0,0.1705,,0,yes
candidate-1,host,down,3,29.416,0,0.1907,,0,yes
candidate-2,host,up,1,24.598,0,0.1622,,0,yes
candidate-2,host,down,1,28.428,2651,0.1734,,0,yes
candidate-2,host,down,2,28.89,0,0.1871,,0,yes
candidate-2,host,up,2,24.604,0,0.1647,,0,yes
candidate-2,host,up,3,24.585,2190,0.1791,,0,yes
candidate-2,host,down,3,29.508,1022,0.1811,,0,yes
candidate,bridged-vm,up,1,24.551,0,0.1898,,0,yes
candidate,bridged-vm,down,1,25.517,0,0.2659,,0,yes
candidate,bridged-vm,down,2,27.91,1,0.247,,0,yes
candidate,bridged-vm,up,2,24.487,86,0.1868,,0,yes
candidate,bridged-vm,up,3,24.544,0,0.1849,,0,yes
candidate,bridged-vm,down,3,28.2,0,0.2387,,0,yes
v0.2.0-after,host,up,1,24.587,0,0.1525,,0,yes
v0.2.0-after,host,down,1,29.759,0,0.1863,,0,yes
v0.2.0-after,host,down,2,29.871,0,0.1875,,0,yes
v0.2.0-after,host,up,2,24.602,0,0.171,,0,yes
v0.2.0-after,host,up,3,24.578,0,0.1774,,0,yes
v0.2.0-after,host,down,3,29.992,0,0.1876,,0,yes
v0.2.0,bridged-vm,up,1,24.575,0,0.1816,,0,yes
v0.2.0,bridged-vm,down,1,28.68,0,0.2387,,0,yes
v0.2.0,bridged-vm,down,2,28.297,0,0.235,,0,yes
v0.2.0,bridged-vm,up,2,24.535,6,0.1829,,0,yes
v0.2.0,bridged-vm,up,3,24.583,32,0.1805,,0,yes
v0.2.0,bridged-vm,down,3,28.348,0,0.2427,,0,yes
candidate-throttle,linux-7.2-passthrough,up,1,24.432,0,0.2063,5759.7,0,yes
candidate-throttle,linux-7.2-passthrough,down,1,29.037,1,0.197,5043.5,0,yes
candidate-throttle,linux-7.2-passthrough,down,2,28.515,0,0.1865,5128.9,0,yes
candidate-throttle,linux-7.2-passthrough,up,2,24.561,0,0.2069,5739.8,0,yes
candidate-throttle,linux-7.2-passthrough,up,3,24.553,0,0.206,5756.6,0,yes
candidate-throttle,linux-7.2-passthrough,down,3,29.564,0,0.1982,4963.8,0,yes
control-no-throttle,linux-7.2-passthrough,up,1,24.264,0,0.2387,66132.0,0,yes
control-no-throttle,linux-7.2-passthrough,down,1,24.547,0,0.21,231512.8,0,yes
control-no-throttle,linux-7.2-passthrough,down,2,21.541,5890,0.2012,221051.6,0,yes
control-no-throttle,linux-7.2-passthrough,up,2,24.271,0,0.2437,61286.4,0,yes
control-no-throttle,linux-7.2-passthrough,up,3,24.221,0,0.2371,57280.1,0,yes
control-no-throttle,linux-7.2-passthrough,down,3,22.726,2,0.2023,212431.5,0,yes
candidate-throttle-repeat,linux-7.2-passthrough,up,1,24.554,0,0.2262,5515.5,0,yes
candidate-throttle-repeat,linux-7.2-passthrough,down,1,28.504,0,0.1971,5113.0,0,yes
candidate-throttle-repeat,linux-7.2-passthrough,down,2,28.369,0,0.1799,5005.8,0,yes
candidate-throttle-repeat,linux-7.2-passthrough,up,2,24.541,0,0.205,5770.4,0,yes
candidate-throttle-repeat,linux-7.2-passthrough,up,3,24.559,0,0.2062,5749.5,0,yes
candidate-throttle-repeat,linux-7.2-passthrough,down,3,28.467,2,0.2048,5138.1,0,yes
ring-size-256,host,up,1,24.555,0,0.1769,,0,yes
ring-size-256,host,down,1,29.163,13771,0.1765,,0,yes
ring-size-256,host,down,2,28.404,23472,0.1757,,0,yes
ring-size-256,host,up,2,24.175,1,0.1723,,0,yes
ring-size-64,host,up,1,22.949,0,0.1859,,0,yes
ring-size-64,host,down,1,11.451,0,0.2415,,0,yes
ring-size-64,host,down,2,11.521,0,0.2512,,0,yes
ring-size-64,host,up,2,23.534,0,0.1933,,0,yes
ring-size-128,host,up,1,24.575,0,0.1715,,0,yes
ring-size-128,host,down,1,27.311,0,0.1922,,0,yes
ring-size-128,host,down,2,27.036,0,0.1925,,0,yes
ring-size-128,host,up,2,24.608,0,0.1706,,0,yes
ring-size-512,host,up,1,24.598,0,0.1735,,0,yes
ring-size-512,host,down,1,29.119,9336,0.1499,,0,yes
ring-size-512,host,down,2,29.718,9090,0.1575,,0,yes
ring-size-512,host,up,2,24.596,0,0.1704,,0,yes
ring-size-1024,host,up,1,24.583,0,0.1649,,0,yes
ring-size-1024,host,down,1,29.377,14524,0.0962,,0,yes
ring-size-1024,host,down,2,28.152,28686,0.1093,,0,yes
ring-size-1024,host,up,2,24.349,0,0.1647,,0,yes
ring-size-256,host,up,1,24.566,0,0.1765,,0,yes
ring-size-256,host,down,1,29.462,11425,0.1877,,0,yes
ring-size-256,host,down,2,29.747,7611,0.201,,0,yes
ring-size-256,host,up,2,24.556,0,0.1706,,0,yes
dma-credits-14,linux-7.2-passthrough,up,1,24.505,0,0.2131,5700.5,0,yes
dma-credits-14,linux-7.2-passthrough,down,1,28.04,0,0.1921,5215.3,0,yes
dma-credits-14,linux-7.2-passthrough,down,2,27.874,91,0.1958,5228.9,0,yes
dma-credits-14,linux-7.2-passthrough,up,2,24.547,0,0.2011,5771.4,0,yes
dma-credits-7,linux-7.2-passthrough,up,1,14.455,0,0.2192,10187.5,0,yes
dma-credits-7,linux-7.2-passthrough,down,1,28.924,1,0.1939,5076.7,0,yes
dma-credits-7,linux-7.2-passthrough,down,2,28.655,574,0.1993,5093.2,0,yes
dma-credits-7,linux-7.2-passthrough,up,2,14.456,0,0.222,10184.4,0,yes
dma-credits-32,linux-7.2-passthrough,up,1,24.565,0,0.2051,5760.8,0,yes
dma-credits-32,linux-7.2-passthrough,down,1,28.566,615,0.1874,4809.0,0,yes
dma-credits-32,linux-7.2-passthrough,down,2,28.961,1491,0.2051,5043.1,0,yes
dma-credits-32,linux-7.2-passthrough,up,2,24.547,0,0.2137,5656.8,0,yes
dma-credits-14,linux-7.2-passthrough,up,3,24.56,0,0.207,5756.5,0,yes
dma-credits-14,linux-7.2-passthrough,down,3,28.222,0,0.1924,5046.3,0,yes
dma-credits-14,linux-7.2-passthrough,down,4,28.482,0,0.1968,5157.9,0,yes
dma-credits-14,linux-7.2-passthrough,up,4,24.555,0,0.2101,5724.2,0,yes
dma-credits-10,linux-7.2-passthrough,up,1,20.586,0,0.221,6956.8,0,yes
dma-credits-10,linux-7.2-passthrough,down,1,28.519,1,0.1997,5144.9,0,yes
dma-credits-10,linux-7.2-passthrough,down,2,28.232,1,0.2022,5189.2,0,yes
dma-credits-10,linux-7.2-passthrough,up,2,20.592,0,0.2142,6992.9,0,yes
dma-credits-12,linux-7.2-passthrough,up,1,24.539,0,0.2107,5704.8,0,yes
dma-credits-12,linux-7.2-passthrough,down,1,27.879,0,0.1905,5224.9,0,yes
dma-credits-12,linux-7.2-passthrough,down,2,28.684,900,0.2065,5093.1,0,yes
dma-credits-12,linux-7.2-passthrough,up,2,24.559,0,0.2065,5762.3,0,yes
dma-credits-16,linux-7.2-passthrough,up,1,24.54,0,0.2099,5730.9,0,yes
dma-credits-16,linux-7.2-passthrough,down,1,27.94,2,0.1908,5222.7,0,yes
dma-credits-16,linux-7.2-passthrough,down,2,28.262,1160,0.2074,5164.6,0,yes
dma-credits-16,linux-7.2-passthrough,up,2,24.558,0,0.2063,5753.2,0,yes
dma-credits-20,linux-7.2-passthrough,up,1,24.555,0,0.2028,5786.5,0,yes
dma-credits-20,linux-7.2-passthrough,down,1,28.397,585,0.2042,5120.2,0,yes
dma-credits-20,linux-7.2-passthrough,down,2,28.633,2315,0.1946,4652.8,0,yes
dma-credits-20,linux-7.2-passthrough,up,2,24.536,0,0.2211,5578.0,0,yes
dma-credits-24,linux-7.2-passthrough,up,1,24.561,0,0.208,5756.9,0,yes
dma-credits-24,linux-7.2-passthrough,down,1,25.379,4082,0.209,4927.2,0,yes
dma-credits-24,linux-7.2-passthrough,down,2,29.295,1269,0.1978,4717.0,0,yes
dma-credits-24,linux-7.2-passthrough,up,2,24.469,0,0.2153,5653.2,0,yes
dma-credits-32,linux-7.2-passthrough,up,3,24.554,0,0.2025,5799.5,0,yes
dma-credits-32,linux-7.2-passthrough,down,3,28.361,1169,0.2025,5056.1,0,yes
dma-credits-32,linux-7.2-passthrough,down,4,28.73,2762,0.2105,5093.6,0,yes
dma-credits-32,linux-7.2-passthrough,up,4,24.356,1,0.2059,5775.8,0,yes
